Gene,Character scheme,LRT,P-value,K param
EYS,3,0.9484738471219316,0.3301080708929641,1.082853697193279
RGR,2,2.850405994373432,0.09135086517033097,1.262625567223245
MAGEB1,3,0.07451634621247649,0.7848710313368972,0.9334802993785655
TSACC,2,18.90712084452753,1.372394362109119e-05,0.4247950542048805
RDH8,1,0.0001164828936452977,0.9913888192430883,0.9931167095236554
GUCY2D,2,32.64277443604078,1.107503688757561e-08,1.850926664544168
ARR3,3,0.00881747921812348,0.9251874550886372,1.011861374329088
NAV2,2,5.51400676308549,0.01886478229694055,1.082774735048456
PPT1,3,1.044195386501087,0.3068477395258604,0.9110102639557919
GNB5,2,2.20024503113018,0.1379888016426419,1.39289905354325
SIX4,1,1.38264497617638,0.2396511250806893,1.091247439452365
GUCA1C,3,0.0002485422737663612,0.9874216925705416,0.997984458944754
PCDH15,2,50.61818494310137,1.121991388686183e-12,0.6863196375302161
HCN1,3,0.02658555979724042,0.8704784458570033,1.012322557972255
RPE65,1,39.37004361935396,3.506350765292154e-10,2.035561663145246
PDE6G,3,5.183874283531622,0.02279743625295294,0.6744728765846767
RS1,1,7.081253519707388,0.007789450142403509,1.321618683968187
THY1,3,2.729566313402756,0.09850603085569176,2.710505431213761e-20
EPAS1,1,-0.001627875957638025,1,1
CCDC66,3,0.1973040346201742,0.6569058086741203,1.035223880236386
PDE6B,1,22.57841655341326,2.017383182506549e-06,1.713124585508639
GRIFIN,3,0.02499580393123324,0.8743775173436523,1.120544156175105
COL11A1,1,15.95589973765891,6.483539145196726e-05,1.311348576595672
RGS9BP,3,31.60520472704593,1.889225631490632e-08,0.6781959809123764
ZNF214,1,0.004202651398372836,0.9483110592413919,0.9940179461615153
GABRR2,2,1.195701387623558,0.2741825282465857,1.15664491715899
LRIT2,2,4.321993106794253,0.03762283058839688,0.8324903032071321
OPN5,3,15.94350434572698,6.526134382300874e-05,11.16346109621172
CNGB3,2,36.97620336865657,1.195798016162541e-09,0.6085512445130726
ISL1,1,7.758859523688443,0.00534497003132206,2.410240385294136
SERPINE3,1,1.857698196145066,0.172890696712905,0.7839543696086423
TFAP2A,2,1.39122427714392,0.2381984573857776,1.103677549105251
CLN8,1,7.184046252259577,0.007355464060173955,3.36017813812499
SLC24A1,1,23.49741656376864,1.250816112241537e-06,0.5350876240758171
PLXNA4,3,17.91625648435729,2.308408942675033e-05,1.141174966469432
SLITRK6,2,1.131176026843605,0.287524629278789,1.049266236358711
CLN6,1,17.52074046376947,2.841905575323711e-05,4.839294040757385
CRB1,3,15.54734535387252,8.046455429977506e-05,1.323062291253727
RSKR,3,23.3511679648509,1.349615362800094e-06,0.5637540764712757
CALM3,1,1.798780752289531,0.1798599659653383,0.4879635211913834
RARB,1,0.09361307600192958,0.7596331674883652,0.8860069807779543
GNB3,1,16.31702794629746,5.358031638824645e-05,3.029372115633234
SLC1A3,1,2.050659130058193,0.1521403110162519,1.179875233784187
TRPM1,3,91.22611858531309,0,0.7122935870789816
BIRC7,1,8.409740689661703,0.003732158898796523,0.4877364044067867
BEST1,2,0.1117242073669331,0.7381896247154932,0.8950513611884414
ATP8A2,1,6.394697113471921,0.01144617579267715,1.629371287357112
GLRA1,2,22.52066883964289,2.078946430339457e-06,3.444447386304657
CNGA1,1,5.805743415854522,0.01597391309405649,0.7769376582259058
RGS9,3,1.345931320727686,0.2459906702302395,1.059967495551861
NOB1,3,0.2094022894525551,0.6472362872501971,1.04342942031313
PDE6D,2,20.75349629485027,5.223612248195231e-06,0.2144442668879425
SEMA3F,3,0.09089132181543391,0.7630470680427492,0.9831477502299927
PHOX2B,1,0.3585396685739397,0.5493183868569361,1.091249523774484
GLRA1,3,9.68887401351094,0.001853871087660108,12.72150115023115
BEST1,3,1.245322863964248,0.2644476687464964,15.24378517473495
PDE6A,1,9.360326631016505,0.002217326286622412,0.6397714379848389
MYO7A,1,0.03269806993193924,0.8565040944520814,1.004272680709086
SEMA3F,2,1.036292894488724,0.3086852167140716,0.9414196811331624
PDE6D,3,21.32433795142606,3.877769448323853e-06,0.217581325287539
NOB1,2,0.8855981802480528,0.3466729535542207,1.071216192758867
RGS9,2,1.544797263137298,0.2139051523285751,1.072497125261199
SLITRK6,3,0.08844231221883092,0.7661668520763163,1.014023352757597
PLXNA4,2,20.10462317564816,7.331922984077366e-06,1.335585256369301
TFAP2A,3,2.241708264085901,0.1343325019016779,1.118257032734892
CNGB3,3,1.236570354638388,0.2661330553884412,0.9206564854708621
OPN5,2,15.37328127797082,8.822706471478536e-05,12.94742333226158
CALML4,1,31.12602258436527,2.418078581811756e-08,0.3902523120746357
LRIT2,3,6.267518630353152,0.01229712375527969,0.7547148246771863
TRPM1,2,29.94520550103334,4.444294621208655e-08,0.2624863640799386
RSKR,2,16.82936061281362,4.089566537357481e-05,0.604117431316502
CRB1,2,35.34145791921765,2.766793794073408e-09,1.577157276886148
EFHD1,1,0.3848402853182051,0.5350241136834886,1.070864824683827
THY1,2,7.745887023520481,0.005383501089968212,7.689165206629939
PDE6G,2,2.422045417179106,0.119638625027766,0.7273207752487908
HCN1,2,1.092395817766374,0.2959409822072357,1.110741024593847
GABRR2,3,0.03598084329860285,0.8495550583740796,0.9846709243923991
RGS9BP,2,10.42867883480358,0.001240734660209686,0.6957972745928326
GRIFIN,2,0.020338286554761,0.8865963317243001,1.038201096379745
CCDC66,2,1.310089063947089,0.2523785305433588,1.102546528916034
GUCY2D,3,7.704076112495386,0.005509626586807093,1.286522728617985
OPN3,1,7.464731368247158,0.006291941956557801,5.819655743772698
TSACC,3,1.411233835600797,0.234851677543478,0.856345281443014
MAGEB1,2,1.418946832964139,0.2335768270473191,0.8476332101710028
CLN5,1,0.7926676734132343,0.3732946967274157,0.9257434389243883
RGR,3,3.830769725114806,0.05031981918647421,1.351307270224757
EYS,2,1.568668475723825,0.2104004887754051,1.101011169298645
SLC24A2,1,13.06817107037205,0.0003003562694698925,2.158079552655017
PCDH15,3,49.13974576687906,2.383648833870211e-12,0.6800368339118738
GUCA1C,2,0.0002490581191523233,0.9874086473841519,0.9984620175594445
GNB5,3,8.169172995418194,0.004260832979044449,1.249316439102703
PPT1,2,1.847130232872587,0.1741175345602248,0.8644578225726789
NAV2,3,0.03109661646885797,0.8600250105035588,1.023532777966472
ARR3,2,4.206707949026168,0.04026440778716356,1.279873578212554
PDE6B,2,14.67144873172219,0.0001279701064944572,1.567790860990408
COL11A1,2,19.11043389284168,1.233685925927652e-05,1.261741617982947
ZNF214,2,1.024001480058359,0.3115717236832058,0.896482432640363
GABRR2,1,1.615150059609732,0.2037693708813523,1.212661305152724
RPE65,2,37.57445358054247,8.798936024234649e-10,1.706645348828727
RS1,2,2.478578447626205,0.115406517890606,1.118577299606199
EPAS1,2,0.6580223405035213,0.4172590008783822,1.044884875313566
EFHD1,3,0.04125036613186239,0.8390554168248759,1.017952890676148
NAV2,1,7.382770899974275,0.006585163549233664,1.118273379098979
GNB5,1,14.20800996643447,0.0001636723204344603,2.82524850254935
SIX4,2,0.03966972750640707,0.8421277263292593,1.015938361330685
PCDH15,1,29.50805208971724,5.568487737583894e-08,0.731404981109075
SLC24A2,3,6.646080560843984,0.00993741897768674,1.546453679121361
RGR,1,0.805326056535705,0.369505721678835,1.099114456306727
CLN5,3,0.4869493116275407,0.4852913118516712,0.9465016504191518
TSACC,1,4.543495441179402,0.0330440501549355,0.5026181695975156
RDH8,2,1.231502259426634,0.2671150832654561,1.109732399102456
GUCY2D,1,31.63188019198424,1.863452014916334e-08,1.656268935480333
OPN3,3,0.943126078665955,0.3314751888856224,1.116848961542461
PDE6D,1,28.58720398845071,8.957215247296091e-08,6.971152567717088
PHOX2B,2,1.22856417777075,0.2676864531782684,1.169488557476913
MYO7A,3,34.18538316938793,5.01038821543176e-09,2.425019023916926
PDE6A,3,21.83005400810362,2.978972299394478e-06,0.7935849922791901
ATP8A2,2,16.94422751721868,3.849419062007531e-05,1.671911571308844
BEST1,1,28.99903354105481,7.241441746241861e-08,0.5335108300790855
GLRA1,1,9.620838016715425,0.001923819284549322,9.853012860064982
CNGA1,2,10.50627331059513,0.001189699495638519,0.808266753694039
CLN6,2,12.85153746392098,0.0003372020767561379,12.32713589205242
CALM3,2,0.200516546497056,0.6543042272837785,0.4895895206585854
RARB,2,3.466955879121087,0.06260642573912989,1.152397929146773
SLC1A3,2,3.753055449407839,0.05271107361908678,1.163493034945071
GNB3,2,38.68326948378672,4.984633816818018e-10,11.88771204542984
BIRC7,2,8.834186075808248,0.00295639462952979,0.6766483903529076
LRIT2,1,1.029188136424636,0.3103494274187718,0.8800108629548247
CALML4,3,1.194168038826319,0.2744904229432757,0.8708761180464338
CNGB3,1,21.37863732659025,3.769479319015723e-06,0.6475197577660384
ISL1,2,6.019908664311515,0.01414537876534527,1.332293150319434
SERPINE3,2,7.352047081505589,0.006698643985478703,0.7560821144976759
TFAP2A,1,43.87738290718335,3.496058997853879e-11,9.142556350926932e-06
CLN8,2,0.7883010490913875,0.3746143458538553,6.177263009064389
SLC24A1,2,2.503850906010484,0.1135682949104053,1.151995313583993
SLITRK6,1,2.113149182143388,0.1460385146673508,0.09420342961750096
BIRC7,3,4.075230665177514,0.04351632420450502,0.6890878897791743
TRPM1,1,5.108976406962029,0.02380235924330265,0.943878896214483
GNB3,3,12.58786984068138,0.0003882584015536539,5.568593172664544
SLC1A3,3,4.235749115199724,0.03958115278247409,1.14754964111278
RARB,3,3.560368803653546,0.05917459012003834,1.239287792978168
CALM3,3,0.7641626267622996,0.382028970536769,1.432087673663391
RSKR,1,9.709949864147347,0.001832730141402727,0.6542034762186104
CRB1,1,49.25994414955494,2.241984375928041e-12,1.702063613165203
CLN6,3,0.3752652629409567,0.5401481442407654,0.9449669769009618
SLC24A1,3,0.5636354649032,0.4527991559659283,1.061567807733134
PLXNA4,1,23.20584782272635,1.455540446282377e-06,1.18476552428216
CLN8,3,3.975103569435305,0.04617761345605209,1.270659870341771
SERPINE3,3,4.840068840509048,0.0278057850073149,0.7701627251182798
ISL1,3,2.990295231036725,0.08376489560935885,1.713114492313579
OPN5,1,13.79447864501708,0.0002039346791538055,2.194865464247455
CALML4,2,1.804243906215561,0.1792002729872432,0.9115240861012881
PHOX2B,3,34.87696629974016,3.512113155856866e-09,0.06621352359148079
SEMA3F,1,5.307384907500818,0.02123520823483882,0.8543850560978821
NOB1,1,0.2111497142905137,0.6458677584429516,1.040507284078334
RGS9,1,0.3052253905480029,0.5806249635595895,0.9367153258780956
CNGA1,3,17.5794984969034,2.755429732392844e-05,0.776000918814263
ATP8A2,3,79.90241132475785,0,16.76310601377286
PDE6A,2,12.9751362860261,0.0003156548819626126,0.5950703350741402
MYO7A,2,1.509623081830796,0.2191966098113106,1.030395006956412
SLC24A2,2,6.03870951107092,0.01399551103524133,21.87965400259001
GUCA1C,1,7.457998684705672,0.006315518197744008,0.4607267505326476
SIX4,3,0.0003832184956991114,0.9843816354778605,0.9984448034683328
PPT1,1,2.587892173934961,0.1076835548719129,0.8366763759212429
ARR3,1,6.062191128185077,0.01381062285482115,1.346931252740057
OPN3,2,0.945318078436685,0.3309139103732651,1.11597627628554
RDH8,3,0.2293832186769578,0.6319815401321469,1.047458017231276
CLN5,2,11.50396540333168,0.0006944787414389086,0.6643768550870458
MAGEB1,1,4.70756162260659,0.0300302171157375,0.5363421136399753
EYS,1,1.689205311588012,0.1937057597841904,1.143604849443258
ZNF214,3,2.722940513725916,0.09891563776478607,0.8521909924553803
RGS9BP,1,17.72407576821206,2.553739411992328e-05,0.6298394997633514
COL11A1,3,12.81346305149782,0.0003441339930386755,1.171279055051736
GRIFIN,1,2.085945512397302,0.1486601520730114,2.389808234720005
CCDC66,1,4.952927890059073,0.02604652146387965,1.220169041851677
PDE6B,3,0.2147739858191926,0.6430510599733733,1.062186806077442
EFHD1,2,0.1231181999537512,0.7256768523906181,1.042270021723624
EPAS1,3,0.2017410583648598,0.6533191689642361,1.023454671369061
RS1,3,3.077018346022669,0.07940597393850013,1.132309851529688
THY1,1,20.86479739345668,4.928698261297271e-06,17.33507061265916
PDE6G,1,1.787207007636425,0.1812668319586037,0.8086385110947382
RPE65,3,10.59308316028182,0.001135115237191342,1.30419976087518
HCN1,1,10.41024818230653,0.001253179010248795,2.445676855978138
RCVRN,1,1.260671593016014,0.261524005538277,2.432549345618252
GNAT2,3,6.150818050318776,0.01313513305423775,0.5012347110778825
RPGR,1,103.5381804815261,0,0.5870804523308663
CALM2,1,2.015734471761789,0.1556759213727463,1.709439412537315
SAG,3,4.048161414022616,0.04421948080685101,1.185781038496157
LBHD1,3,18.01093043605943,2.19640207725913e-05,2.461901469907951
GUCY2F,3,3.95544572394283,0.04671994374557031,0.7465320139295807
HSD11B1L,3,6.701897721366549,0.009631035037629188,1.440873301067459
PRPH2,2,0.008887379546649754,0.9248923772336423,1.015653432322679
GUCA1A,2,9.167535653919913,0.002463460695461217,0.3488613982103347
CRYBA4,2,18.61195754301843,1.60212482428479e-05,1.558699392532513
EPHB2,2,7.080848570869421,0.007791210620653022,1.122143350947157
ATP8B1,2,22.68324643852247,1.910261669513247e-06,0.8155971094637384
REEP6,3,10.68775464517239,0.001078470244472829,3.595342878919022
TMEM126A,3,13.99447820485148,0.0001833482926524299,2.121266185181547
TULP1,2,2.12477375673916,0.1449341803588243,0.8548493840404968
CRYGS,1,7.414993112060984,0.006468256209726242,1.387034214474267
MYO5A,1,-0.0009713024919619784,1,1
ABCA4,3,22.78416722198017,1.812527993805269e-06,0.8812000193103828
DMD,3,1.450617308233632,0.2284289260779943,0.9698842770277095
CRYBB3,3,0.01303029389964649,0.9091186390482875,1.011462780328286
BHLHE23,1,1.132119702258933,0.2873236538973148,0.8171997485626816
LUM,1,0.0261970607098192,0.8714199923843268,1.017107972905977
PKD1L2,3,13.09580200555502,0.000295958266072982,1.394242450441795
RHO,3,5.589031734874879,0.01807328395490548,0.8713758073494847
BCL2A1,2,0.1497340218702448,0.6987896662037417,1.05397526792488
RP1_1,1,2.699780927956454,0.100362036088565,2.13500742932371
STX10,3,9.176027305049502,0.002452056918209156,5.855485096867164
RORB,3,2.752347062119952,0.09711178041988944,0.9195050465667433
GRK7,3,5.34149478051404,0.0208236099258442,1.2526493530948
ZSWIM7,3,0.1646854487407836,0.6848788673113968,1.050584486478182
NRP2,1,18.52922434150241,1.673190357220911e-05,1.44114537815334
CALML6,1,16.90074450155225,3.938613165987981e-05,40.11731509087723
WFS1,3,14.52852132382395,0.0001380535595824073,1.310196055269665
CNGB1,3,0.8335346163948998,0.3612524451607598,1.058733567875062
GUCA1B,3,28.95079868640823,7.424019621282696e-08,10.37833163755579
GNGT2,1,2.034503481003412,0.1537643897925399,0.7090691801349521
GUCA1ANB,3,0.2474960223444214,0.61884374986259,0.9440989516914352
PDE5A,2,3.576187313621631,0.0586135336288186,1.101022574504106
KCNA2,2,1.239954738011875,0.2654797771500569,1.162575674034229
ALCAM,1,2.846242963700206,0.09158774021320004,1.113488331155083
GNAT1,2,-0.0001972582904272713,1,1
CACNA2D4,2,1.122848803730449,0.2893058588292262,0.8970123964223619
GJA10,1,1.491286928678164,0.2220168929820266,0.9006223035918822
CALML3,3,-1.115653503802605e-06,1,1
CACNB2,3,11.41242145889555,0.0007295468156504059,0.7816075335250676
PDE6C,1,1.070385318133049,0.3008584278489747,0.9110893286614068
PDE6H,3,15.41785059303584,8.6170445929179e-05,2.231751337470827e-05
VSX1,1,1.182756827125559,0.2767954742282717,1.313320093364031
OPTC,1,5.607195127304294,0.01788687212598716,0.6868223632711588
SAPCD1,1,0.004803707674000179,0.9447438331652179,1.00825229753134
RBP4,3,1.865486511589552,0.1719929114566122,1.124739396918569
CRABP1,3,1.190528202444511,0.2752230375511422,0.8292680079393283
NR2E1,2,0.3771753757391707,0.5391188176167556,0.9246276042299093
LAMC3,3,0.003667584882350639,0.951709161688366,1.01148614868305
GZMK,1,0.3081648635561578,0.5788084876414858,1.1065372724724
KRT12,3,5.46225052067166,0.01943160392284526,0.8124475350488509
CNGA3,1,6.153114581742557,0.01311808821124161,0.8462926121210352
NTRK2,1,31.6761195760555,1.821482353836501e-08,1.482208664795361
PDE6H,2,10.32601003256786,0.00131168458454034,4.774530564731071e-07
RP1_2,1,3.570174666005187,0.05882612332458981,1.165793757363894
BBS4,1,27.21463429439609,1.820752795200775e-07,1.988824485150585
SEMA3A,1,28.49144919565151,9.41132124454569e-08,0.7294707316640724
KRT12,2,4.530524792993674,0.03329540591970837,0.7365327467103655
GRK1,1,8.498524966060359,0.003554345056668295,0.8335649488814162
LAMC3,2,1.517420697666239,0.2180102362933303,1.063930116705027
NR2E1,3,1.910004967750865,0.1669627069026025,0.9169206275831827
CRABP1,2,3.336911235571279,0.06774166228041667,0.6311215429975711
RBP4,2,6.020533690592856,0.01414037003437729,1.316986189807297
KCNA2,3,2.033041714195861,0.1539123036570875,21.63457162114941
PDE5A,3,5.079360864132468,0.02421229370033828,1.116591302776983
GUCA1ANB,2,5.517517427109851,0.01882695858630234,0.2564003076541559
CNGB1,2,2.251766912435414,0.1334619357359818,1.104733379450741
GUCA1B,2,9.694191014576063,0.001848514463239637,4.516633011441246
WFS1,2,24.92404176529089,5.963408592490893e-07,1.52189375684747
RRH,1,5.618482155361562,0.01777203381312153,0.3267629985750672
ZSWIM7,2,0.2310124128634925,0.630774153692781,0.9435902243883386
GNB1,1,0.03891327343080775,0.8436205772828773,1.042776613072189
ZNF529,1,16.83799894537151,4.070994321758725e-05,0.06547264269078364
CACNB2,2,3.230105148642906,0.07229604658830413,0.8991778698741825
CALML3,2,-2.346166729694232e-05,1,1
CALM1,1,7.552830687630376,0.005991588144607207,5.3107762139183
CACNA2D4,3,1.929316263500368,0.1648332685811204,0.9066884393835954
OPA1,1,8.387855348693847,0.003777363409437573,1.188213886915084
RDH10,1,43.87812888102053,3.494726730224329e-11,3.51062426600755
GJD2,1,0.7000434577239503,0.4027690922564171,0.8598538410422953
GNAT1,3,0.004305768146878108,0.9476816776554478,0.9936803785325746
CRYBB3,2,1.967185199489904,0.1607469544563093,1.139610344429191
DMD,2,3.726074235688429,0.0535691591659696,1.517997781951141
SALL1,1,5.208081894757925,0.02248212461093035,0.9146145263969192
ABCA4,2,0.6282733341213316,0.4279893745062059,0.9336966272248257
OPTN,1,11.56970229975559,0.0006703514993677828,1.564676047359481
LACTBL1,1,0.1165868664320442,0.7327662021024506,1.043898386393401
TULP1,3,1.871605558138981,0.1712913062520177,0.8575994878103954
TMEM126A,2,5.673403561460873,0.01722400634898147,1.418982116195574
DNAJC19,1,0.08207636970291787,0.7745030525216204,0.958648268481553
GRK7,2,16.06721997651039,6.113314738986908e-05,1.480072547321347
RORB,2,0.391738754700782,0.5313868517071345,0.9675288766599719
STX10,2,17.942634644387,2.276636908093987e-05,7.360044369248184
CLEC2B,1,1.44842650253122,0.2287806014351983,0.851418668729032
BCL2A1,3,0.01855584688382805,0.8916474852981142,1.024285661992536
RHO,2,0.03973708043849911,0.8419955263896728,0.9885548304176963
PKD1L2,2,13.16671773890266,0.0002849654433053628,1.394078777327721
GUCY2F,2,3.24807051269454,0.07150758866952478,0.7108321864321663
LBHD1,2,0,1,1
NYX,1,3.78940239741496,0.05157806029132617,1.342913936809352
GLRB,1,5.203469634936482,0.02254185033190492,1.173377060665699
SAG,2,10.23562349077838,0.001377540414831291,1.365792384573096
GNAT2,2,1.773068084257829,0.1830028348597608,0.5171043959154081
SPAG6,1,10.60476192779606,0.001127967802723062,0.8271233526472147
PDCL,1,1.241587867902126,0.2651652523368824,1.214953751405894
CRYBA1,1,54.5652504592108,1.503241975342462e-13,9.258458408555745
REEP6,2,0.901793399676535,0.3423012896042342,2.250543143574565
ATP8B1,3,28.50924316242163,9.325224292755507e-08,0.7870399979309616
EPHB2,3,8.90251701008674,0.002847778431508408,1.137358750632461
CRYBA4,3,32.12426543562469,1.44619685116254e-08,15.55351302799517
GUCA1A,3,32.73071790908944,1.058511334139922e-08,0.4277758467806116
GNGT1,1,1.36341300508775,0.2429468528090694,0.8587389139861825
NRP1,1,0.9122440423670923,0.3395197085978225,1.05714369674172
PRPH2,3,0.9809247288794722,0.3219706121503952,0.9116337038138296
CALML5,1,13.83098029560642,0.0002000109979247711,0.4660768755509886
CACNB4,1,0.4551992425076605,0.4998762023115296,1.06516032990591
HSD11B1L,2,6.365835750344559,0.01163382877568042,1.39772326145874
BCL2A1,1,0.01229425523342798,0.9117119316203673,1.019596449324388
RP1_1,2,11.42964229558129,0.000722816000114701,1.466719240441807
CLEC2B,3,0.6239965136155661,0.4295660221079498,0.9201170136735981
DNAJC19,3,10.75796747997447,0.001038313492079612,0.1000777168593117
TULP1,1,0.1362580364148016,0.7120297389011779,0.9470783305128401
CRYGS,2,3.190930201068113,0.07404786541939756,1.241900579952415
LACTBL1,3,6.725792535464279,0.009502849614622555,0.8382339742289407
OPTN,3,1.241758350166492,0.2651324458486514,1.139622800135713
MYO5A,2,23.6879995103227,1.132867491593359e-06,6.401603767591005
BHLHE23,2,0.9026310291337722,0.3420772138921024,0.8414228172509739
SALL1,3,6.45386879639409,0.01107110067023076,0.9125049950005515
LUM,2,0.02550000361225102,0.8731274800745632,1.013830931810766
CACNB4,3,1.622110615197016,0.2027977434599869,1.146670183193825
CALML5,3,9.130837376384079,0.002513366555010221,0.616214056359382
PRPH2,1,5.596834992196818,0.01799295418490499,1.509514453221534
NRP1,3,6.122299423048389,0.01334870519859843,1.128614705727417
GNGT1,3,1.803041805111206,0.1793451901220938,0.8416137624547126
GUCA1A,1,0.01087633772476693,0.9169394660195203,0.965277853248693
CRYBA4,1,13.08662258627555,0.0002974121011916075,1.546249015210793
EPHB2,1,7.310586456318561,0.006854955165991772,1.162352663228075
ATP8B1,1,5.500241318659391,0.01901384958009056,0.877757898052783
RCVRN,2,3.733326104251319,0.05333708363913992,3.304294248379942
CRYBA1,3,40.48823988321965,1.978029962046435e-10,5.616399792247988
PDCL,3,3.177859289706248,0.07464246067558511,1.293346605208289
SPAG6,3,0.001543588536151219,0.9686603518355211,1.036823236292814
RPGR,2,141.4435246757639,0,0.5559875990784756
CALM2,2,4.85494003439544,0.02756707197976538,1.834863794602974
NYX,3,1.67973483777314,0.1949596901244202,0.901309222502351
GLRB,3,1.681411259945889,0.1947370348408251,1.129184304469578
NR2E1,1,1.810349960745953,0.1784662545716522,0.8837088652338712
GRK1,3,26.80031714023062,2.256003114320393e-07,0.7011042072639269
GZMK,2,0.5387799614109099,0.4629387902690825,0.876814540759293
RP1_2,3,1.91113611694891,0.1668371116239787,1.121418181920855
BBS4,3,3.506182688950503,0.06114017691229434,1.742962909912122
SEMA3A,3,75.05489203773323,0,0.4895794172214242
PDE6C,2,0.1655558759230189,0.6840920267753219,1.024889270409957
NTRK2,3,49.32690872607782,2.166711254858456e-12,1.584299731364719
VSX1,2,4.009344669873826,0.04524873513074423,0.8422073506277279
OPTC,2,19.41250082169427,1.053154441232884e-05,0.6781148785187814
SAPCD1,2,4.259341700915684,0.03903504552461368,0.8134882264892392
CNGA3,3,14.14675846177852,0.0001690881941223132,0.795885999585043
GNAT1,1,0.4125528135446075,0.5206766337166506,1.054325913539174
GJD2,3,0.1888878644749639,0.663843854504376,0.9217766258073855
OPA1,3,6.57149446526455,0.01036249008041301,1.140206415808465
RDH10,3,35.26475029587891,2.877941107648496e-09,2.184554301757874
CACNA2D4,1,1.838855863781646,0.1750851062893114,0.9033162386015434
GJA10,2,3.220168949119397,0.07273612242462546,1.410942539956738
CALM1,3,12.08095381402836,0.0005093953062897949,9.558312666763792
ZNF529,3,12.86324906334266,0.0003350982834605665,0.08352678673759165
GNB1,3,0.9301186071279517,0.3348321070429242,0.3188043312266787
NRP2,2,17.09207258172682,3.561063775880946e-05,1.328469016491002
RRH,3,7.166495489305817,0.00742777408430495,0.249687926961854
CALML6,2,1.928075843334227,0.164969111179844,0.66723568701744
GNGT2,2,3.85784988042542,0.04951374228402172,0.6224565493702028
PDE5A,1,0.5832396327896276,0.445045282663159,1.055261327454853
KCNA2,1,0.003369271587871481,0.9537124440446357,0.9830710265166006
ALCAM,2,12.91251965989068,0.0003263916266765809,1.235483034637093
GNB1,2,0.4665613122087962,0.4945733938582411,0.9443810335666155
ZNF529,2,28.83084634742772,7.898312126553009e-08,0.03512518986712351
CACNB2,1,0.3564769265067298,0.55046940075266,1.046637774989633
CALML3,1,0.8552072002567002,0.3550834076120551,0.8882174119849995
GJA10,3,1.597584002069198,0.2062459292262052,0.897451026398631
CALM1,2,2.887085790418496,0.08929230658884402,1.911931513264216
RDH10,2,43.07972889446319,5.255396118286626e-11,2.52031731018578
OPA1,2,9.967636151282932,0.001593159044048109,1.194216362050804
GJD2,2,0.001020229090499924,0.9745190819454949,1.004041771382976
ALCAM,3,19.99557053268654,7.762176450598623e-06,1.279465055607672
GNGT2,3,5.000394802426854,0.02534153748549972,0.575999495128608
GUCA1ANB,1,4.436283358505534,0.03518275957119199,2.138798778856726
CNGB1,1,1.30643377447268,0.253041356451819,0.9276227708420144
GUCA1B,1,0.7821847731756861,0.3764737903294926,1.391148936106527
WFS1,1,26.04188614114537,3.340899309423051e-07,1.948162254542603
CALML6,3,24.08340949170815,9.22516860124567e-07,0.6100795284515137
RRH,2,6.290267486103403,0.01214027284597841,0.1650699961977087
ZSWIM7,1,5.501351588172838,0.01900178136815656,1.880386268576191
NRP2,3,35.88529524984187,2.092822470878275e-09,1.884437389848219
KRT12,1,2.777575344312936,0.09559278795207737,0.7895934132034845
GZMK,3,2.823718322862987,0.09288101091172318,0.6898956062562126
GRK1,2,11.41411237064312,0.0007288831236013094,0.8160345619002903
LAMC3,1,7.752159452444175,0.005364835421424741,1.166365858449171
RBP4,1,6.172945927624824,0.01297184268603468,1.388036368724669
CRABP1,1,9.18041671219089,0.002446183226126775,0.5776689479297994
CNGA3,2,12.83236199252133,0.0003406754274352108,0.7817380683876444
SAPCD1,3,9.004667800505558,0.002692909334735871,0.7234603593987913
OPTC,3,20.455136589022,6.104550000274322e-06,0.6782882083910635
VSX1,3,3.39357758355618,0.06545079223415473,0.8118157260542432
PDE6H,1,11.11901049600419,0.0008544736057803926,2.685988591982477e-05
NTRK2,2,32.94926885362656,9.4595314914514e-09,1.458520270680671
PDE6C,3,0.9562441271118587,0.3281349848908256,1.050995173355095
BBS4,2,16.75521176029724,4.252529559989338e-05,1.908081493030428
SEMA3A,2,16.96152742555569,3.814499956111828e-05,0.8393852906741651
RP1_2,2,9.61900089145638,0.001925744698736853,1.284472301759088
REEP6,1,23.94795608143613,9.897531323410647e-07,2.40189264936798e-08
GNGT1,2,0.5380159053620446,0.4632561647517658,0.9190746653422928
NRP1,2,2.739580278823269,0.09789047525100358,1.08468734693421
CALML5,2,10.79339142103345,0.001018630893938943,0.4848136299476288
HSD11B1L,1,12.86962190576742,0.0003339590745533583,1.506679154423523
CACNB4,2,1.500437688504462,0.2206040287424644,1.069983916881243
GUCY2F,1,2.650360055369674,0.1035264451940651,0.7418347044414779
LBHD1,1,3.74538393322473,0.05295356068580792,0.3351002109447855
NYX,2,-0.003531092690536752,1,1
GLRB,2,4.683863532067335,0.03044719748063174,1.158015500742675
SAG,1,11.74674998872797,0.0006094957380847754,1.403122617936788
CALM2,3,4.469994806981958,0.03449509648512317,1.675535639819067
RPGR,3,151.6241487275984,0,0.5356765180265064
GNAT2,1,4.470729460743314,0.03448026807395332,0.0709755582404259
SPAG6,2,8.124664746646886,0.00436670580089038,0.8848842802952505
PDCL,2,3.09461728977476,0.0785516207328133,1.29703261967454
CRYBA1,2,39.10348736323249,4.019253818654533e-10,7.483497504913307
RCVRN,3,0.002332967804250075,0.9614765126752779,0.9895487234455168
GRK7,1,4.286605232635338,0.03841379299302128,1.305463266489214
RORB,1,4.412918790603726,0.03566776299892782,0.4948644800715223
STX10,1,0.3961762834842375,0.5290706198694739,1.108848005015363
CLEC2B,2,0.3309293926940882,0.5651123398330488,0.9418210141130919
RP1_1,3,17.66895284412021,2.628826389439176e-05,1.698864742136154
PKD1L2,1,4.940969604504062,0.02622732003603667,1.219794660594363
RHO,1,3.843457586965087,0.04994043538140402,0.8851952120830877
LUM,3,0.02080497324641328,0.8853115151212466,0.9818100511465898
DMD,1,9.661805346840993,0.001881386410238051,1.127397179815921
SALL1,2,6.303254122569342,0.01205165422679999,0.9115695947501153
CRYBB3,1,0.4349185938044684,0.5095852860849956,1.072713046978695
BHLHE23,3,4.017348745423078,0.04503445533241579,0.7571320635080634
ABCA4,1,7.057246089505497,0.007894526373578459,0.8666438411914393
MYO5A,3,0.9757272386050317,0.3232559636955634,0.955880521905785
OPTN,2,7.040409439403447,0.007969081159167724,2.122230565216251
LACTBL1,2,4.309593500067422,0.03789801648982727,0.8659259515773418
CRYGS,3,0.3931539959448855,0.5306461694089599,1.085806886167861
TMEM126A,1,0.04161418438889086,0.8383569764532071,0.9636452453778376
DNAJC19,2,8.180152774983071,0.004235119314550007,1.996272538581024e-05
